{
    "avg_plddt": 91.36030578613281,
    "gpde": 0.5580379962921143,
    "iptm": 0.8753260970115662,
    "ptm": 0.915485680103302,
    "disorder": 0.0,
    "has_clash": 0.0,
    "sample_ranking_score": 0.8833580017089844,
    "chain_ptm": {
        "A": 0.9133839011192322,
        "B": 0.0,
        "C": 0.48121967911720276
    },
    "chain_pair_iptm": {
        "(A, B)": 0.9816464185714722,
        "(A, C)": 0.87209552526474,
        "(B, C)": 0.10638248920440674
    },
    "bespoke_iptm": {
        "(A, B)": 0.5440144538879395,
        "(A, C)": 0.6168578863143921,
        "(B, C)": 0.5440144538879395
    }
}