{
    "avg_plddt": 91.38446044921875,
    "gpde": 0.6212197542190552,
    "iptm": 0.7929012179374695,
    "ptm": 0.8999123573303223,
    "disorder": 0.0,
    "has_clash": 0.0,
    "sample_ranking_score": 0.814303457736969,
    "chain_ptm": {
        "A": 0.9143857955932617,
        "B": 0.0,
        "C": 0.45882222056388855
    },
    "chain_pair_iptm": {
        "(A, B)": 0.9795717000961304,
        "(A, C)": 0.7877233028411865,
        "(B, C)": 0.09281536191701889
    },
    "bespoke_iptm": {
        "(A, B)": 0.5361935496330261,
        "(A, C)": 0.5560873746871948,
        "(B, C)": 0.5361935496330261
    }
}