{
    "avg_plddt": 90.86383819580078,
    "gpde": 0.6246704459190369,
    "iptm": 0.8029922842979431,
    "ptm": 0.90000319480896,
    "disorder": 0.0,
    "has_clash": 0.0,
    "sample_ranking_score": 0.8223944902420044,
    "chain_ptm": {
        "A": 0.9100621342658997,
        "B": 0.0,
        "C": 0.46478545665740967
    },
    "chain_pair_iptm": {
        "(A, B)": 0.9813395142555237,
        "(A, C)": 0.7974398136138916,
        "(B, C)": 0.08022440969944
    },
    "bespoke_iptm": {
        "(A, B)": 0.5307819843292236,
        "(A, C)": 0.5583680272102356,
        "(B, C)": 0.5307819843292236
    }
}