{
    "avg_plddt": 92.1447982788086,
    "gpde": 0.5724387764930725,
    "iptm": 0.8383604884147644,
    "ptm": 0.9159035086631775,
    "disorder": 0.0,
    "has_clash": 0.0,
    "sample_ranking_score": 0.8538690805435181,
    "chain_ptm": {
        "A": 0.9217981696128845,
        "B": 0.0,
        "C": 0.48684394359588623
    },
    "chain_pair_iptm": {
        "(A, B)": 0.9809213280677795,
        "(A, C)": 0.833922803401947,
        "(B, C)": 0.10616157948970795
    },
    "bespoke_iptm": {
        "(A, B)": 0.543541431427002,
        "(A, C)": 0.5913357734680176,
        "(B, C)": 0.543541431427002
    }
}