{
    "avg_plddt": 91.8201904296875,
    "gpde": 0.6031457781791687,
    "iptm": 0.814386785030365,
    "ptm": 0.9104301333427429,
    "disorder": 0.0,
    "has_clash": 0.0,
    "sample_ranking_score": 0.8335955142974854,
    "chain_ptm": {
        "A": 0.9204141497612,
        "B": 0.0,
        "C": 0.4797248840332031
    },
    "chain_pair_iptm": {
        "(A, B)": 0.9819530248641968,
        "(A, C)": 0.8089573383331299,
        "(B, C)": 0.11079394817352295
    },
    "bespoke_iptm": {
        "(A, B)": 0.5463734865188599,
        "(A, C)": 0.5762362480163574,
        "(B, C)": 0.5463734865188599
    }
}