{
    "avg_plddt": 91.44329833984375,
    "gpde": 0.6376686096191406,
    "iptm": 0.7913122773170471,
    "ptm": 0.9037536382675171,
    "disorder": 0.0,
    "has_clash": 0.0,
    "sample_ranking_score": 0.813800573348999,
    "chain_ptm": {
        "A": 0.9168874025344849,
        "B": 0.0,
        "C": 0.4432367980480194
    },
    "chain_pair_iptm": {
        "(A, B)": 0.9822359085083008,
        "(A, C)": 0.7850276827812195,
        "(B, C)": 0.06268154084682465
    },
    "bespoke_iptm": {
        "(A, B)": 0.5224587321281433,
        "(A, C)": 0.5442456603050232,
        "(B, C)": 0.5224587321281433
    }
}