{
    "avg_plddt": 93.22271728515625,
    "gpde": 0.4978438913822174,
    "iptm": 0.8901336193084717,
    "ptm": 0.9323742389678955,
    "disorder": 0.0,
    "has_clash": 0.0,
    "sample_ranking_score": 0.8985817432403564,
    "chain_ptm": {
        "A": 0.9320727586746216,
        "B": 0.0,
        "C": 0.49905869364738464
    },
    "chain_pair_iptm": {
        "(A, B)": 0.9822534322738647,
        "(A, C)": 0.887365996837616,
        "(B, C)": 0.1042519360780716
    },
    "bespoke_iptm": {
        "(A, B)": 0.54325270652771,
        "(A, C)": 0.6263279914855957,
        "(B, C)": 0.54325270652771
    }
}