{
    "avg_plddt": 92.30705261230469,
    "gpde": 0.5643298625946045,
    "iptm": 0.8373456001281738,
    "ptm": 0.9172361493110657,
    "disorder": 0.0,
    "has_clash": 0.0,
    "sample_ranking_score": 0.853323757648468,
    "chain_ptm": {
        "A": 0.9245890378952026,
        "B": 0.0,
        "C": 0.5035316944122314
    },
    "chain_pair_iptm": {
        "(A, B)": 0.9815826416015625,
        "(A, C)": 0.8331779837608337,
        "(B, C)": 0.148054838180542
    },
    "bespoke_iptm": {
        "(A, B)": 0.5648187398910522,
        "(A, C)": 0.6048036217689514,
        "(B, C)": 0.5648187398910522
    }
}