{
    "avg_plddt": 91.97420501708984,
    "gpde": 0.5838487148284912,
    "iptm": 0.8332970142364502,
    "ptm": 0.9145104289054871,
    "disorder": 0.0,
    "has_clash": 0.0,
    "sample_ranking_score": 0.8495396971702576,
    "chain_ptm": {
        "A": 0.9216421246528625,
        "B": 0.0,
        "C": 0.4995695650577545
    },
    "chain_pair_iptm": {
        "(A, B)": 0.9834944009780884,
        "(A, C)": 0.8284393548965454,
        "(B, C)": 0.12965206801891327
    },
    "bespoke_iptm": {
        "(A, B)": 0.556573212146759,
        "(A, C)": 0.5955102443695068,
        "(B, C)": 0.556573212146759
    }
}