{
    "avg_plddt": 91.6545639038086,
    "gpde": 0.585101842880249,
    "iptm": 0.8425329327583313,
    "ptm": 0.9138173460960388,
    "disorder": 0.0,
    "has_clash": 0.0,
    "sample_ranking_score": 0.8567898273468018,
    "chain_ptm": {
        "A": 0.9185799360275269,
        "B": 0.0,
        "C": 0.4623572528362274
    },
    "chain_pair_iptm": {
        "(A, B)": 0.9815847873687744,
        "(A, C)": 0.8380476832389832,
        "(B, C)": 0.11979619413614273
    },
    "bespoke_iptm": {
        "(A, B)": 0.5506904721260071,
        "(A, C)": 0.5986305475234985,
        "(B, C)": 0.5506904721260071
    }
}