{
    "avg_plddt": 46.15309143066406,
    "gpde": 2.739004373550415,
    "iptm": 0.21502716839313507,
    "ptm": 0.3121909499168396,
    "disorder": 0.0,
    "has_clash": 0.0,
    "sample_ranking_score": 0.23445992171764374,
    "chain_ptm": {
        "A": 0.32015344500541687,
        "B": 0.0,
        "C": 0.21226902306079865
    },
    "chain_pair_iptm": {
        "(A, B)": 0.7383618950843811,
        "(A, C)": 0.20095308125019073,
        "(B, C)": 0.0014619433786720037
    },
    "bespoke_iptm": {
        "(A, B)": 0.36991190910339355,
        "(A, C)": 0.13445603847503662,
        "(B, C)": 0.36991190910339355
    }
}