{
    "avg_plddt": 46.31648254394531,
    "gpde": 2.682924270629883,
    "iptm": 0.19536356627941132,
    "ptm": 0.29607680439949036,
    "disorder": 0.0,
    "has_clash": 0.0,
    "sample_ranking_score": 0.21550622582435608,
    "chain_ptm": {
        "A": 0.3072012960910797,
        "B": 0.0,
        "C": 0.21500635147094727
    },
    "chain_pair_iptm": {
        "(A, B)": 0.6886035203933716,
        "(A, C)": 0.1989295780658722,
        "(B, C)": 0.0015881864819675684
    },
    "bespoke_iptm": {
        "(A, B)": 0.34509584307670593,
        "(A, C)": 0.13314911723136902,
        "(B, C)": 0.34509584307670593
    }
}