{
    "avg_plddt": 44.67650604248047,
    "gpde": 2.9407119750976562,
    "iptm": 0.2377345860004425,
    "ptm": 0.29911816120147705,
    "disorder": 0.0,
    "has_clash": 0.0,
    "sample_ranking_score": 0.2500113248825073,
    "chain_ptm": {
        "A": 0.31030160188674927,
        "B": 0.0,
        "C": 0.22481222450733185
    },
    "chain_pair_iptm": {
        "(A, B)": 0.7534030675888062,
        "(A, C)": 0.2420991212129593,
        "(B, C)": 0.0026018694043159485
    },
    "bespoke_iptm": {
        "(A, B)": 0.37800246477127075,
        "(A, C)": 0.16226670145988464,
        "(B, C)": 0.37800246477127075
    }
}