{
    "avg_plddt": 46.078956604003906,
    "gpde": 2.6926865577697754,
    "iptm": 0.21927106380462646,
    "ptm": 0.30787593126296997,
    "disorder": 0.013333333656191826,
    "has_clash": 0.0,
    "sample_ranking_score": 0.24365870654582977,
    "chain_ptm": {
        "A": 0.3148587942123413,
        "B": 0.0,
        "C": 0.22013325989246368
    },
    "chain_pair_iptm": {
        "(A, B)": 0.7138351202011108,
        "(A, C)": 0.21543005108833313,
        "(B, C)": 0.0013875043950974941
    },
    "bespoke_iptm": {
        "(A, B)": 0.3576112985610962,
        "(A, C)": 0.14408254623413086,
        "(B, C)": 0.3576112985610962
    }
}