{
    "avg_plddt": 46.918731689453125,
    "gpde": 2.6856565475463867,
    "iptm": 0.19078856706619263,
    "ptm": 0.3057730793952942,
    "disorder": 0.006666666828095913,
    "has_clash": 0.0,
    "sample_ranking_score": 0.21711879968643188,
    "chain_ptm": {
        "A": 0.3141663074493408,
        "B": 0.0,
        "C": 0.22491255402565002
    },
    "chain_pair_iptm": {
        "(A, B)": 0.7076322436332703,
        "(A, C)": 0.1871257722377777,
        "(B, C)": 0.0013039233162999153
    },
    "bespoke_iptm": {
        "(A, B)": 0.35446807742118835,
        "(A, C)": 0.12518516182899475,
        "(B, C)": 0.35446807742118835
    }
}