{
    "avg_plddt": 88.5354995727539,
    "gpde": 0.6868826150894165,
    "iptm": 0.7800862789154053,
    "ptm": 0.8750671148300171,
    "disorder": 0.0,
    "has_clash": 0.0,
    "sample_ranking_score": 0.7990824580192566,
    "chain_ptm": {
        "A": 0.8840063214302063,
        "B": 0.0,
        "C": 0.4435896873474121
    },
    "chain_pair_iptm": {
        "(A, B)": 0.969474196434021,
        "(A, C)": 0.7764714360237122,
        "(B, C)": 0.06070897728204727
    },
    "bespoke_iptm": {
        "(A, B)": 0.515091598033905,
        "(A, C)": 0.537883996963501,
        "(B, C)": 0.515091598033905
    }
}