{
    "avg_plddt": 88.16683959960938,
    "gpde": 0.7133488655090332,
    "iptm": 0.756283164024353,
    "ptm": 0.8662577867507935,
    "disorder": 0.0,
    "has_clash": 0.0,
    "sample_ranking_score": 0.778278112411499,
    "chain_ptm": {
        "A": 0.8804803490638733,
        "B": 0.0,
        "C": 0.45487648248672485
    },
    "chain_pair_iptm": {
        "(A, B)": 0.971820592880249,
        "(A, C)": 0.7500131130218506,
        "(B, C)": 0.08633239567279816
    },
    "bespoke_iptm": {
        "(A, B)": 0.5290765166282654,
        "(A, C)": 0.5287862420082092,
        "(B, C)": 0.5290765166282654
    }
}