{
    "avg_plddt": 88.50119018554688,
    "gpde": 0.6486281156539917,
    "iptm": 0.8193085193634033,
    "ptm": 0.8819818496704102,
    "disorder": 0.0,
    "has_clash": 0.0,
    "sample_ranking_score": 0.8318431973457336,
    "chain_ptm": {
        "A": 0.8816612958908081,
        "B": 0.0,
        "C": 0.4649120271205902
    },
    "chain_pair_iptm": {
        "(A, B)": 0.9716094732284546,
        "(A, C)": 0.8149821162223816,
        "(B, C)": 0.0706215351819992
    },
    "bespoke_iptm": {
        "(A, B)": 0.5211154818534851,
        "(A, C)": 0.5668619275093079,
        "(B, C)": 0.5211154818534851
    }
}