{
    "avg_plddt": 89.3987808227539,
    "gpde": 0.6272060871124268,
    "iptm": 0.8372987508773804,
    "ptm": 0.8910630345344543,
    "disorder": 0.0,
    "has_clash": 0.0,
    "sample_ranking_score": 0.8480516672134399,
    "chain_ptm": {
        "A": 0.8899348974227905,
        "B": 0.0,
        "C": 0.4719158113002777
    },
    "chain_pair_iptm": {
        "(A, B)": 0.9764688014984131,
        "(A, C)": 0.8333005309104919,
        "(B, C)": 0.09212495386600494
    },
    "bespoke_iptm": {
        "(A, B)": 0.5342968702316284,
        "(A, C)": 0.5862420201301575,
        "(B, C)": 0.5342968702316284
    }
}