{
    "avg_plddt": 89.91423034667969,
    "gpde": 0.6131553649902344,
    "iptm": 0.8370219469070435,
    "ptm": 0.8967482447624207,
    "disorder": 0.0,
    "has_clash": 0.0,
    "sample_ranking_score": 0.8489672541618347,
    "chain_ptm": {
        "A": 0.8973587155342102,
        "B": 0.0,
        "C": 0.46682116389274597
    },
    "chain_pair_iptm": {
        "(A, B)": 0.9768074750900269,
        "(A, C)": 0.8329219818115234,
        "(B, C)": 0.08555219322443008
    },
    "bespoke_iptm": {
        "(A, B)": 0.5311798453330994,
        "(A, C)": 0.5837987661361694,
        "(B, C)": 0.5311798453330994
    }
}