{
    "avg_plddt": 92.45732879638672,
    "gpde": 0.6831719279289246,
    "iptm": 0.6995444893836975,
    "ptm": 0.9001643061637878,
    "disorder": 0.0,
    "has_clash": 0.0,
    "sample_ranking_score": 0.7396684288978577,
    "chain_ptm": {
        "A": 0.926762580871582,
        "B": 0.0,
        "C": 0.2365710288286209
    },
    "chain_pair_iptm": {
        "(A, B)": 0.9842994213104248,
        "(A, C)": 0.6995174288749695,
        "(B, C)": 0.0037694009952247143
    },
    "bespoke_iptm": {
        "(A, B)": 0.49403440952301025,
        "(A, C)": 0.4676014184951782,
        "(B, C)": 0.49403440952301025
    }
}