{
    "avg_plddt": 93.37501525878906,
    "gpde": 0.5444861054420471,
    "iptm": 0.8106368184089661,
    "ptm": 0.9228658676147461,
    "disorder": 0.0,
    "has_clash": 0.0,
    "sample_ranking_score": 0.8330826163291931,
    "chain_ptm": {
        "A": 0.9342353343963623,
        "B": 0.0,
        "C": 0.26994943618774414
    },
    "chain_pair_iptm": {
        "(A, B)": 0.9846757650375366,
        "(A, C)": 0.8035268783569336,
        "(B, C)": 0.01618904061615467
    },
    "bespoke_iptm": {
        "(A, B)": 0.5004324316978455,
        "(A, C)": 0.5410809516906738,
        "(B, C)": 0.5004324316978455
    }
}