{
    "avg_plddt": 91.88484191894531,
    "gpde": 0.5531890988349915,
    "iptm": 0.8224759697914124,
    "ptm": 0.9144430756568909,
    "disorder": 0.0,
    "has_clash": 0.0,
    "sample_ranking_score": 0.8408694267272949,
    "chain_ptm": {
        "A": 0.9208829998970032,
        "B": 0.0,
        "C": 0.26875361800193787
    },
    "chain_pair_iptm": {
        "(A, B)": 0.984768271446228,
        "(A, C)": 0.8160381317138672,
        "(B, C)": 0.024604670703411102
    },
    "bespoke_iptm": {
        "(A, B)": 0.5046864748001099,
        "(A, C)": 0.5522270202636719,
        "(B, C)": 0.5046864748001099
    }
}