{
    "avg_plddt": 93.35639953613281,
    "gpde": 0.5121133923530579,
    "iptm": 0.8519047498703003,
    "ptm": 0.9298447370529175,
    "disorder": 0.0,
    "has_clash": 0.0,
    "sample_ranking_score": 0.8674927353858948,
    "chain_ptm": {
        "A": 0.934556782245636,
        "B": 0.0,
        "C": 0.274385541677475
    },
    "chain_pair_iptm": {
        "(A, B)": 0.9849375486373901,
        "(A, C)": 0.8457792401313782,
        "(B, C)": 0.027424151077866554
    },
    "bespoke_iptm": {
        "(A, B)": 0.5061808228492737,
        "(A, C)": 0.5729942321777344,
        "(B, C)": 0.5061808228492737
    }
}