{
    "avg_plddt": 93.92279815673828,
    "gpde": 0.47739773988723755,
    "iptm": 0.882085919380188,
    "ptm": 0.9363369345664978,
    "disorder": 0.0,
    "has_clash": 0.0,
    "sample_ranking_score": 0.892936110496521,
    "chain_ptm": {
        "A": 0.9378980398178101,
        "B": 0.0,
        "C": 0.2852698862552643
    },
    "chain_pair_iptm": {
        "(A, B)": 0.9850753545761108,
        "(A, C)": 0.8775300979614258,
        "(B, C)": 0.030678115785121918
    },
    "bespoke_iptm": {
        "(A, B)": 0.5078767538070679,
        "(A, C)": 0.5952461361885071,
        "(B, C)": 0.5078767538070679
    }
}