{
    "avg_plddt": 92.9285659790039,
    "gpde": 0.7167128920555115,
    "iptm": 0.6523875594139099,
    "ptm": 0.8988162279129028,
    "disorder": 0.0,
    "has_clash": 0.0,
    "sample_ranking_score": 0.7016733288764954,
    "chain_ptm": {
        "A": 0.9310412406921387,
        "B": 0.0,
        "C": 0.23165631294250488
    },
    "chain_pair_iptm": {
        "(A, B)": 0.9838292002677917,
        "(A, C)": 0.6483179330825806,
        "(B, C)": 0.003082339186221361
    },
    "bespoke_iptm": {
        "(A, B)": 0.49345576763153076,
        "(A, C)": 0.4332394301891327,
        "(B, C)": 0.49345576763153076
    }
}