{
    "avg_plddt": 92.10009002685547,
    "gpde": 0.5878405570983887,
    "iptm": 0.8326363563537598,
    "ptm": 0.9145355820655823,
    "disorder": 0.0,
    "has_clash": 0.0,
    "sample_ranking_score": 0.8490161895751953,
    "chain_ptm": {
        "A": 0.9212347269058228,
        "B": 0.0,
        "C": 0.2566867768764496
    },
    "chain_pair_iptm": {
        "(A, B)": 0.9833096861839294,
        "(A, C)": 0.8295382261276245,
        "(B, C)": 0.016201363876461983
    },
    "bespoke_iptm": {
        "(A, B)": 0.49975553154945374,
        "(A, C)": 0.5584259629249573,
        "(B, C)": 0.49975553154945374
    }
}