{
    "avg_plddt": 93.97330474853516,
    "gpde": 0.4935387670993805,
    "iptm": 0.851129412651062,
    "ptm": 0.931506872177124,
    "disorder": 0.0,
    "has_clash": 0.0,
    "sample_ranking_score": 0.8672049045562744,
    "chain_ptm": {
        "A": 0.9383376836776733,
        "B": 0.0,
        "C": 0.28329867124557495
    },
    "chain_pair_iptm": {
        "(A, B)": 0.9848664402961731,
        "(A, C)": 0.8505343198776245,
        "(B, C)": 0.02785775251686573
    },
    "bespoke_iptm": {
        "(A, B)": 0.5063620805740356,
        "(A, C)": 0.5763088464736938,
        "(B, C)": 0.5063620805740356
    }
}