{
    "avg_plddt": 93.24504089355469,
    "gpde": 0.512544572353363,
    "iptm": 0.8485405445098877,
    "ptm": 0.9266782402992249,
    "disorder": 0.0,
    "has_clash": 0.0,
    "sample_ranking_score": 0.864168107509613,
    "chain_ptm": {
        "A": 0.9314573407173157,
        "B": 0.0,
        "C": 0.28068235516548157
    },
    "chain_pair_iptm": {
        "(A, B)": 0.9848710298538208,
        "(A, C)": 0.8461782336235046,
        "(B, C)": 0.022039558738470078
    },
    "bespoke_iptm": {
        "(A, B)": 0.5034552812576294,
        "(A, C)": 0.5714653730392456,
        "(B, C)": 0.5034552812576294
    }
}