{
    "avg_plddt": 93.54651641845703,
    "gpde": 0.5252452492713928,
    "iptm": 0.8254271149635315,
    "ptm": 0.9275389313697815,
    "disorder": 0.0,
    "has_clash": 0.0,
    "sample_ranking_score": 0.8458494544029236,
    "chain_ptm": {
        "A": 0.9356990456581116,
        "B": 0.0,
        "C": 0.27160799503326416
    },
    "chain_pair_iptm": {
        "(A, B)": 0.9851083159446716,
        "(A, C)": 0.8178746104240417,
        "(B, C)": 0.0267966166138649
    },
    "bespoke_iptm": {
        "(A, B)": 0.5059524774551392,
        "(A, C)": 0.5541819334030151,
        "(B, C)": 0.5059524774551392
    }
}