{
    "avg_plddt": 91.67060852050781,
    "gpde": 0.6098527312278748,
    "iptm": 0.7865108251571655,
    "ptm": 0.9063729643821716,
    "disorder": 0.0,
    "has_clash": 0.0,
    "sample_ranking_score": 0.8104832768440247,
    "chain_ptm": {
        "A": 0.9189680218696594,
        "B": 0.0,
        "C": 0.25613921880722046
    },
    "chain_pair_iptm": {
        "(A, B)": 0.9853496551513672,
        "(A, C)": 0.7878098487854004,
        "(B, C)": 0.011717379093170166
    },
    "bespoke_iptm": {
        "(A, B)": 0.4985335171222687,
        "(A, C)": 0.5291123390197754,
        "(B, C)": 0.4985335171222687
    }
}