{
    "avg_plddt": 92.18855285644531,
    "gpde": 0.5522492527961731,
    "iptm": 0.8401300311088562,
    "ptm": 0.914864718914032,
    "disorder": 0.0,
    "has_clash": 0.0,
    "sample_ranking_score": 0.8550770282745361,
    "chain_ptm": {
        "A": 0.9211342334747314,
        "B": 0.0,
        "C": 0.2730705738067627
    },
    "chain_pair_iptm": {
        "(A, B)": 0.984666109085083,
        "(A, C)": 0.8440142869949341,
        "(B, C)": 0.019417474046349525
    },
    "bespoke_iptm": {
        "(A, B)": 0.5020418167114258,
        "(A, C)": 0.5691487193107605,
        "(B, C)": 0.5020418167114258
    }
}