{
    "avg_plddt": 92.41612243652344,
    "gpde": 0.5304264426231384,
    "iptm": 0.8486352562904358,
    "ptm": 0.9217008948326111,
    "disorder": 0.0,
    "has_clash": 0.0,
    "sample_ranking_score": 0.8632484078407288,
    "chain_ptm": {
        "A": 0.925381064414978,
        "B": 0.0,
        "C": 0.26941993832588196
    },
    "chain_pair_iptm": {
        "(A, B)": 0.986298680305481,
        "(A, C)": 0.8461295366287231,
        "(B, C)": 0.020899347960948944
    },
    "bespoke_iptm": {
        "(A, B)": 0.5035989880561829,
        "(A, C)": 0.5710527896881104,
        "(B, C)": 0.5035989880561829
    }
}