{
    "avg_plddt": 92.90763854980469,
    "gpde": 0.5189805626869202,
    "iptm": 0.8484575152397156,
    "ptm": 0.9228436350822449,
    "disorder": 0.0,
    "has_clash": 0.0,
    "sample_ranking_score": 0.8633347749710083,
    "chain_ptm": {
        "A": 0.9280284643173218,
        "B": 0.0,
        "C": 0.2741456925868988
    },
    "chain_pair_iptm": {
        "(A, B)": 0.9854352474212646,
        "(A, C)": 0.8464666604995728,
        "(B, C)": 0.022934872657060623
    },
    "bespoke_iptm": {
        "(A, B)": 0.5041850805282593,
        "(A, C)": 0.5719560980796814,
        "(B, C)": 0.5041850805282593
    }
}