{
    "avg_plddt": 92.65601348876953,
    "gpde": 0.5476729869842529,
    "iptm": 0.8183441162109375,
    "ptm": 0.9178920388221741,
    "disorder": 0.0,
    "has_clash": 0.0,
    "sample_ranking_score": 0.8382537364959717,
    "chain_ptm": {
        "A": 0.9262592792510986,
        "B": 0.0,
        "C": 0.2679813802242279
    },
    "chain_pair_iptm": {
        "(A, B)": 0.985103189945221,
        "(A, C)": 0.8139727711677551,
        "(B, C)": 0.01765022799372673
    },
    "bespoke_iptm": {
        "(A, B)": 0.5013766884803772,
        "(A, C)": 0.5485319495201111,
        "(B, C)": 0.5013766884803772
    }
}