{
    "avg_plddt": 92.37754821777344,
    "gpde": 0.5209052562713623,
    "iptm": 0.8637636303901672,
    "ptm": 0.9230656027793884,
    "disorder": 0.0,
    "has_clash": 0.0,
    "sample_ranking_score": 0.8756240010261536,
    "chain_ptm": {
        "A": 0.9246596097946167,
        "B": 0.0,
        "C": 0.2703811228275299
    },
    "chain_pair_iptm": {
        "(A, B)": 0.9847030639648438,
        "(A, C)": 0.8582027554512024,
        "(B, C)": 0.031567785888910294
    },
    "bespoke_iptm": {
        "(A, B)": 0.5081354379653931,
        "(A, C)": 0.5826578140258789,
        "(B, C)": 0.5081354379653931
    }
}