{
    "avg_plddt": 93.87714385986328,
    "gpde": 0.4621707797050476,
    "iptm": 0.8821331858634949,
    "ptm": 0.9340124130249023,
    "disorder": 0.0,
    "has_clash": 0.0,
    "sample_ranking_score": 0.8925090432167053,
    "chain_ptm": {
        "A": 0.9362443089485168,
        "B": 0.0,
        "C": 0.28854942321777344
    },
    "chain_pair_iptm": {
        "(A, B)": 0.985538125038147,
        "(A, C)": 0.8867781758308411,
        "(B, C)": 0.03260432183742523
    },
    "bespoke_iptm": {
        "(A, B)": 0.5090712308883667,
        "(A, C)": 0.6020535826683044,
        "(B, C)": 0.5090712308883667
    }
}