{
    "avg_plddt": 93.13098907470703,
    "gpde": 0.5005711913108826,
    "iptm": 0.8679366111755371,
    "ptm": 0.9288524389266968,
    "disorder": 0.0,
    "has_clash": 0.0,
    "sample_ranking_score": 0.880119800567627,
    "chain_ptm": {
        "A": 0.9310469627380371,
        "B": 0.0,
        "C": 0.2738408148288727
    },
    "chain_pair_iptm": {
        "(A, B)": 0.9843109846115112,
        "(A, C)": 0.8634099960327148,
        "(B, C)": 0.03093627095222473
    },
    "bespoke_iptm": {
        "(A, B)": 0.5076236128807068,
        "(A, C)": 0.5859187841415405,
        "(B, C)": 0.5076236128807068
    }
}