{
    "avg_plddt": 92.76820373535156,
    "gpde": 0.473310649394989,
    "iptm": 0.9098190069198608,
    "ptm": 0.9301106333732605,
    "disorder": 0.0,
    "has_clash": 0.0,
    "sample_ranking_score": 0.9138773679733276,
    "chain_ptm": {
        "A": 0.9264501929283142,
        "B": 0.0,
        "C": 0.297018826007843
    },
    "chain_pair_iptm": {
        "(A, B)": 0.9852741956710815,
        "(A, C)": 0.9072307348251343,
        "(B, C)": 0.04070243611931801
    },
    "bespoke_iptm": {
        "(A, B)": 0.5129883289337158,
        "(A, C)": 0.6183879971504211,
        "(B, C)": 0.5129883289337158
    }
}