{
    "avg_plddt": 92.91638946533203,
    "gpde": 0.48891013860702515,
    "iptm": 0.8928982615470886,
    "ptm": 0.9304538369178772,
    "disorder": 0.0,
    "has_clash": 0.0,
    "sample_ranking_score": 0.9004094004631042,
    "chain_ptm": {
        "A": 0.9292171001434326,
        "B": 0.0,
        "C": 0.28457990288734436
    },
    "chain_pair_iptm": {
        "(A, B)": 0.9840287566184998,
        "(A, C)": 0.8889002799987793,
        "(B, C)": 0.03542031720280647
    },
    "bespoke_iptm": {
        "(A, B)": 0.5097245573997498,
        "(A, C)": 0.6044069528579712,
        "(B, C)": 0.5097245573997498
    }
}