{
    "avg_plddt": 91.09314727783203,
    "gpde": 0.5840055346488953,
    "iptm": 0.8395858407020569,
    "ptm": 0.9088151454925537,
    "disorder": 0.0,
    "has_clash": 0.0,
    "sample_ranking_score": 0.853431761264801,
    "chain_ptm": {
        "A": 0.9124367237091064,
        "B": 0.0,
        "C": 0.4649633467197418
    },
    "chain_pair_iptm": {
        "(A, B)": 0.9797707200050354,
        "(A, C)": 0.835235595703125,
        "(B, C)": 0.10271963477134705
    },
    "bespoke_iptm": {
        "(A, B)": 0.54124516248703,
        "(A, C)": 0.5910636186599731,
        "(B, C)": 0.54124516248703
    }
}