{
    "avg_plddt": 90.92550659179688,
    "gpde": 0.6365725994110107,
    "iptm": 0.7984026074409485,
    "ptm": 0.900352418422699,
    "disorder": 0.0,
    "has_clash": 0.0,
    "sample_ranking_score": 0.8187925815582275,
    "chain_ptm": {
        "A": 0.9109283685684204,
        "B": 0.0,
        "C": 0.430616557598114
    },
    "chain_pair_iptm": {
        "(A, B)": 0.9812954664230347,
        "(A, C)": 0.7924424409866333,
        "(B, C)": 0.06741079688072205
    },
    "bespoke_iptm": {
        "(A, B)": 0.5243531465530396,
        "(A, C)": 0.5507652759552002,
        "(B, C)": 0.5243531465530396
    }
}