{
    "avg_plddt": 90.9535140991211,
    "gpde": 0.5905040502548218,
    "iptm": 0.8254664540290833,
    "ptm": 0.9059035181999207,
    "disorder": 0.0,
    "has_clash": 0.0,
    "sample_ranking_score": 0.8415538668632507,
    "chain_ptm": {
        "A": 0.9120145440101624,
        "B": 0.0,
        "C": 0.4659983813762665
    },
    "chain_pair_iptm": {
        "(A, B)": 0.9810978174209595,
        "(A, C)": 0.8204900026321411,
        "(B, C)": 0.10480618476867676
    },
    "bespoke_iptm": {
        "(A, B)": 0.5429520010948181,
        "(A, C)": 0.5819287300109863,
        "(B, C)": 0.5429520010948181
    }
}