{
    "avg_plddt": 91.48181915283203,
    "gpde": 0.6157019138336182,
    "iptm": 0.7880473136901855,
    "ptm": 0.9040663838386536,
    "disorder": 0.0,
    "has_clash": 0.0,
    "sample_ranking_score": 0.811251163482666,
    "chain_ptm": {
        "A": 0.9179107546806335,
        "B": 0.0,
        "C": 0.45207276940345764
    },
    "chain_pair_iptm": {
        "(A, B)": 0.9813154935836792,
        "(A, C)": 0.7829418182373047,
        "(B, C)": 0.10394074767827988
    },
    "bespoke_iptm": {
        "(A, B)": 0.5426281094551086,
        "(A, C)": 0.5566081404685974,
        "(B, C)": 0.5426281094551086
    }
}