{
    "avg_plddt": 90.93270111083984,
    "gpde": 0.6290299892425537,
    "iptm": 0.7994051575660706,
    "ptm": 0.9000102281570435,
    "disorder": 0.0,
    "has_clash": 0.0,
    "sample_ranking_score": 0.819526195526123,
    "chain_ptm": {
        "A": 0.9111024737358093,
        "B": 0.0,
        "C": 0.45823243260383606
    },
    "chain_pair_iptm": {
        "(A, B)": 0.980670690536499,
        "(A, C)": 0.7944927215576172,
        "(B, C)": 0.06258580088615417
    },
    "bespoke_iptm": {
        "(A, B)": 0.5216282606124878,
        "(A, C)": 0.5505237579345703,
        "(B, C)": 0.5216282606124878
    }
}