{
    "avg_plddt": 92.29939270019531,
    "gpde": 0.593481183052063,
    "iptm": 0.8189025521278381,
    "ptm": 0.9167421460151672,
    "disorder": 0.0,
    "has_clash": 0.0,
    "sample_ranking_score": 0.838470458984375,
    "chain_ptm": {
        "A": 0.9274031519889832,
        "B": 0.0,
        "C": 0.47139087319374084
    },
    "chain_pair_iptm": {
        "(A, B)": 0.9830139875411987,
        "(A, C)": 0.8135754466056824,
        "(B, C)": 0.10137869417667389
    },
    "bespoke_iptm": {
        "(A, B)": 0.5421963334083557,
        "(A, C)": 0.5761765241622925,
        "(B, C)": 0.5421963334083557
    }
}