{
    "avg_plddt": 91.39230346679688,
    "gpde": 0.5988779067993164,
    "iptm": 0.8315979838371277,
    "ptm": 0.9095756411552429,
    "disorder": 0.0,
    "has_clash": 0.0,
    "sample_ranking_score": 0.8471934795379639,
    "chain_ptm": {
        "A": 0.9157369136810303,
        "B": 0.0,
        "C": 0.461361825466156
    },
    "chain_pair_iptm": {
        "(A, B)": 0.9827936887741089,
        "(A, C)": 0.8266973495483398,
        "(B, C)": 0.11098824441432953
    },
    "bespoke_iptm": {
        "(A, B)": 0.5468909740447998,
        "(A, C)": 0.5881276726722717,
        "(B, C)": 0.5468909740447998
    }
}