{
    "avg_plddt": 92.39292907714844,
    "gpde": 0.5700891017913818,
    "iptm": 0.8415074348449707,
    "ptm": 0.9208969473838806,
    "disorder": 0.0,
    "has_clash": 0.0,
    "sample_ranking_score": 0.8573853969573975,
    "chain_ptm": {
        "A": 0.9278755784034729,
        "B": 0.0,
        "C": 0.4706304967403412
    },
    "chain_pair_iptm": {
        "(A, B)": 0.9822452068328857,
        "(A, C)": 0.8369718194007874,
        "(B, C)": 0.1086542010307312
    },
    "bespoke_iptm": {
        "(A, B)": 0.5454497337341309,
        "(A, C)": 0.5941992998123169,
        "(B, C)": 0.5454497337341309
    }
}