{
    "avg_plddt": 91.89257049560547,
    "gpde": 0.5885858535766602,
    "iptm": 0.8311799764633179,
    "ptm": 0.9142134189605713,
    "disorder": 0.0,
    "has_clash": 0.0,
    "sample_ranking_score": 0.8477866649627686,
    "chain_ptm": {
        "A": 0.9214555025100708,
        "B": 0.0,
        "C": 0.4750923812389374
    },
    "chain_pair_iptm": {
        "(A, B)": 0.9818418622016907,
        "(A, C)": 0.8263447284698486,
        "(B, C)": 0.10546781122684479
    },
    "bespoke_iptm": {
        "(A, B)": 0.5436548590660095,
        "(A, C)": 0.586052417755127,
        "(B, C)": 0.5436548590660095
    }
}