{
    "avg_plddt": 92.63505554199219,
    "gpde": 0.5693867802619934,
    "iptm": 0.8322809338569641,
    "ptm": 0.9201838970184326,
    "disorder": 0.0,
    "has_clash": 0.0,
    "sample_ranking_score": 0.8498615622520447,
    "chain_ptm": {
        "A": 0.9289391040802002,
        "B": 0.0,
        "C": 0.4645915925502777
    },
    "chain_pair_iptm": {
        "(A, B)": 0.9821608066558838,
        "(A, C)": 0.8289966583251953,
        "(B, C)": 0.09860558807849884
    },
    "bespoke_iptm": {
        "(A, B)": 0.5403832197189331,
        "(A, C)": 0.5855330228805542,
        "(B, C)": 0.5403832197189331
    }
}